File,Size,crp_uniform_byte,crp_uniform_token,lzw_polya_stoken_uniform_byte,lzw_polya_stoken_uniform_token,lzw_polya_token,lzw_polya_token_uniform_token,lzw_uniform_byte,lzw_uniform_token,none_lzw_byte,none_polya_stoken_uniform_byte,none_polya_stoken_uniform_token,none_polya_token,none_polya_token_uniform_token,none_uniform_byte,none_uniform_token,ppm4_polya_stoken_uniform_byte,ppm4_polya_stoken_uniform_token,ppm4_polya_token,ppm4_polya_token_uniform_token,ppm4_uniform_token,ppm5_polya_stoken_uniform_byte,ppm5_polya_stoken_uniform_token,ppm5_polya_token,ppm5_polya_token_uniform_token,ppm5_uniform_byte,ppm5_uniform_token,ppm6_uniform_byte,ppm_test_group_1_polya_stoken_uniform_byte,ppm_test_group_1_polya_stoken_uniform_token,ppm_test_group_1_polya_token,ppm_test_group_1_uniform_byte,ppm_test_group_1_uniform_token,ppm_test_group_2_polya_stoken_uniform_byte,ppm_test_group_2_polya_stoken_uniform_token,ppm_test_group_2_polya_token,ppm_test_group_2_uniform_byte,ppm_test_group_2_uniform_token,ppm_test_group_3_polya_stoken_uniform_byte,ppm_test_group_3_polya_stoken_uniform_token,ppm_test_group_3_polya_token,ppm_test_group_3_uniform_byte,ppm_test_group_3_uniform_token,ppm_test_group_4_polya_stoken_uniform_byte,ppm_test_group_4_polya_stoken_uniform_token,ppm_test_group_4_polya_token,ppm_test_group_4_uniform_byte,ppm_test_group_4_uniform_token,ppm_test_group_5_polya_stoken_uniform_byte,ppm_test_group_5_polya_stoken_uniform_token,ppm_test_group_5_polya_token,ppm_test_group_5_uniform_byte,ppm_test_group_5_uniform_token,ppm_test_group_6_polya_stoken_uniform_byte,ppm_test_group_6_polya_stoken_uniform_token,ppm_test_group_6_polya_token,ppm_test_group_6_uniform_byte,ppm_test_group_6_uniform_token,ppm_test_group_7_polya_stoken_uniform_byte,ppm_test_group_7_polya_stoken_uniform_token,ppm_test_group_7_polya_token,ppm_test_group_7_uniform_byte,ppm_test_group_7_uniform_token,ppm_test_group_8_polya_stoken_uniform_byte,ppm_test_group_8_polya_stoken_uniform_token,ppm_test_group_8_polya_token,ppm_test_group_8_uniform_byte,ppm_test_group_8_uniform_token,ppm_test_group_9_polya_stoken_uniform_byte,ppm_test_group_9_polya_stoken_uniform_token,ppm_test_group_9_polya_token,ppm_test_group_9_uniform_byte,ppm_test_group_9_uniform_token,ppm_test_group_opt_polya_stoken_uniform_byte,ppm_test_group_opt_polya_stoken_uniform_token,ppm_test_group_opt_polya_token,ppm_test_group_opt_uniform_byte,ppm_test_group_opt_uniform_token,ppm_training_group_1_polya_stoken_uniform_byte,ppm_training_group_1_polya_stoken_uniform_token,ppm_training_group_1_polya_token,ppm_training_group_1_uniform_byte,ppm_training_group_1_uniform_token,ppm_training_group_2_polya_stoken_uniform_byte,ppm_training_group_2_polya_stoken_uniform_token,ppm_training_group_2_polya_token,ppm_training_group_2_uniform_byte,ppm_training_group_2_uniform_token,ppm_training_group_3_polya_stoken_uniform_byte,ppm_training_group_3_polya_stoken_uniform_token,ppm_training_group_3_polya_token,ppm_training_group_3_uniform_byte,ppm_training_group_3_uniform_token,ppm_training_group_4_polya_stoken_uniform_byte,ppm_training_group_4_polya_stoken_uniform_token,ppm_training_group_4_polya_token,ppm_training_group_4_uniform_byte,ppm_training_group_4_uniform_token,ppm_training_group_5_polya_stoken_uniform_byte,ppm_training_group_5_polya_stoken_uniform_token,ppm_training_group_5_polya_token,ppm_training_group_5_uniform_byte,ppm_training_group_5_uniform_token,ppm_training_group_6_polya_stoken_uniform_byte,ppm_training_group_6_polya_stoken_uniform_token,ppm_training_group_6_polya_token,ppm_training_group_6_uniform_byte,ppm_training_group_6_uniform_token,ppm_training_group_7_polya_stoken_uniform_byte,ppm_training_group_7_polya_stoken_uniform_token,ppm_training_group_7_polya_token,ppm_training_group_7_uniform_byte,ppm_training_group_7_uniform_token,ppm_training_group_8_polya_stoken_uniform_byte,ppm_training_group_8_polya_stoken_uniform_token,ppm_training_group_8_polya_token,ppm_training_group_8_uniform_byte,ppm_training_group_8_uniform_token,ppm_training_group_9_polya_stoken_uniform_byte,ppm_training_group_9_polya_stoken_uniform_token,ppm_training_group_9_polya_token,ppm_training_group_9_uniform_byte,ppm_training_group_9_uniform_token,ppm_training_group_opt_polya_stoken_uniform_byte,ppm_training_group_opt_polya_stoken_uniform_token,ppm_training_group_opt_polya_token,ppm_training_group_opt_uniform_byte,ppm_training_group_opt_uniform_token,ref_PPMd,ref_SCSU,ref_bzip2,ref_cmix,ref_compress,ref_gzip,ref_lzma,ref_paq8hp12,ref_zpaq
binary/tex,319712,254261,257020,220933,220955,221114,221107,218933,222610,218755,254364,254370,254371,254426,319938,833996,173871,173894,173986,173979,175483,174109,174132,174223,174216,172597,175719,172190,198377,199288,199461,199484,200944,177648,179218,179341,178926,180917,173860,175463,175509,175482,177002,173298,174561,174597,174779,176120,173671,174695,174814,174974,176318,173371,174048,174174,174229,175714,173712,174515,174607,174910,176032,173905,174851,174898,175137,176189,174197,174905,175180,175155,176403,173671,174561,174597,174229,176120,199473,198401,198433,200621,199927,179379,177670,177765,179981,179255,175471,173879,173977,176310,175446,174420,173322,173401,175776,174899,174627,173703,173785,175612,175272,174132,173391,173476,175199,174970,174511,173754,173814,175531,175328,174831,173923,174017,175691,175525,174936,174206,174324,175904,175795,174420,173703,173785,175199,175272,157441,ERROR: decompressed file differs from original,171348,107686,225809,173379,150496,122607,137095
canterbury/canterbury/alice29.txt,152089,86941,87064,59951,59960,59962,59960,59964,60089,60145,86910,86919,86930,86919,152198,400110,41376,41385,41388,41385,41514,41417,41426,41429,41427,41431,41555,41998,66056,65932,65930,65915,66057,51361,51108,51110,51060,51228,43328,43126,43132,43044,43259,41449,41335,41340,41278,41465,41472,41393,41390,41352,41517,42012,41966,41965,41929,42090,42582,42525,42526,42515,42660,43026,42957,42961,42970,43106,43376,43330,43314,43330,43469,41472,41335,41340,41929,41465,65917,66065,66069,65906,66195,51085,51372,51373,51025,51500,43113,43338,43339,43008,43470,41336,41457,41462,41228,41588,41385,41480,41484,41309,41611,41949,42022,42025,41875,42152,42514,42588,42595,42471,42719,42948,43035,43037,42919,43162,43318,43386,43386,43278,43515,41336,41480,41484,41875,41611,39949,152090,43202,34077,62247,54423,48481,32698,36739
canterbury/canterbury/asyoulik.txt,125179,75334,75447,53056,53065,53069,53066,53070,53184,53194,75306,75315,75328,75316,125269,329317,38032,38041,38044,38042,38159,38478,38487,38491,38488,38492,38606,39120,54511,54377,54375,54356,54492,43613,43355,43357,43308,43466,38979,38806,38812,38737,38928,38065,38017,38020,38011,38136,38502,38522,38518,38570,38635,39138,39199,39199,39272,39317,39642,39696,39695,39825,39818,39974,40018,40017,40190,40156,40160,40236,40213,40385,40368,38502,38017,38020,39272,38136,54360,54520,54525,54345,54640,43333,43624,43626,43285,43742,38793,38989,38991,38695,39111,38015,38073,38079,37927,38194,38510,38510,38514,38451,38631,39186,39147,39152,39149,39267,39683,39650,39654,39692,39770,40009,39983,39988,40045,40103,40229,40171,40170,40255,40288,38015,38510,38514,39149,38631,36615,125179,39569,32258,54990,48938,44546,30732,34415
canterbury/canterbury/cp.html,24603,16191,16333,10782,10793,10798,10795,10801,10946,10879,16148,16157,16165,16159,24622,64727,7018,7029,7034,7031,7182,7027,7039,7043,7040,7046,7191,7082,11559,11517,11520,11523,11668,8238,8216,8221,8236,8367,7194,7206,7209,7238,7357,7023,7034,7038,7070,7186,7028,7035,7040,7065,7188,7057,7059,7064,7083,7212,7092,7094,7099,7116,7246,7128,7132,7137,7149,7281,7162,7160,7169,7175,7311,7028,7034,7038,7083,7186,11504,11570,11575,11525,11723,8203,8249,8254,8237,8402,7194,7206,7210,7250,7358,7021,7034,7039,7094,7187,7023,7040,7045,7088,7193,7048,7069,7073,7111,7221,7083,7103,7108,7141,7255,7121,7139,7143,7172,7291,7149,7173,7179,7201,7326,7021,7040,7045,7111,7193,6685,ERROR: decompressed file differs from original,7624,5669,11317,7991,7608,5183,6762
canterbury/canterbury/fields.c,11150,7088,7237,4710,4722,4725,4723,4730,4881,4753,7042,7050,7055,7051,11159,29336,2857,2868,2872,2869,3028,2885,2896,2900,2897,2904,3056,2906,4713,4674,4677,4679,4833,3355,3309,3312,3314,3471,2971,2943,2947,2947,3103,2879,2858,2863,2856,3018,2894,2875,2880,2871,3036,2883,2865,2869,2858,3024,2862,2848,2852,2836,3007,2868,2856,2861,2840,3015,2877,2861,2868,2847,3019,2894,2858,2863,2858,3018,4662,4724,4728,4682,4884,3300,3367,3370,3333,3526,2932,2982,2986,2969,3142,2848,2890,2894,2890,3050,2865,2905,2909,2906,3065,2854,2894,2897,2889,3054,2837,2873,2877,2868,3033,2845,2879,2882,2869,3038,2849,2887,2892,2874,3047,2848,2905,2909,2889,3065,2736,11150,3039,2171,4964,3134,2984,2166,2849
canterbury/canterbury/grammar.lsp,3721,2238,2364,1690,1700,1702,1700,1705,1833,1719,2202,2209,2215,2210,3725,9792,1087,1097,1099,1097,1230,1100,1109,1112,1110,1115,1243,1123,1617,1605,1607,1610,1738,1230,1219,1221,1224,1352,1122,1120,1123,1126,1254,1093,1094,1097,1099,1228,1103,1104,1107,1107,1237,1107,1108,1111,1111,1241,1110,1113,1115,1114,1246,1108,1111,1114,1112,1244,1109,1112,1115,1113,1245,1103,1094,1097,1111,1228,1596,1626,1629,1613,1759,1210,1240,1242,1230,1373,1111,1131,1134,1132,1264,1085,1103,1105,1108,1236,1095,1112,1114,1117,1245,1099,1116,1118,1120,1249,1104,1119,1122,1123,1252,1102,1117,1119,1119,1250,1102,1118,1121,1120,1251,1085,1112,1114,1120,1245,1073,3721,1283,931,1813,1234,1246,875,1456
canterbury/canterbury/kennedy.xls,1029744,460339,460817,310734,310783,310797,310791,310629,311271,310723,460202,460218,460218,460222,1030470,2708814,198758,198807,198820,198814,199294,189809,189859,189871,189865,189794,190346,198153,359397,359174,359190,359222,359675,218217,221587,221607,223273,222435,203256,204467,204449,206029,204914,198031,199659,199605,201699,200110,189272,190383,190443,192300,190923,197175,197850,197951,200784,198491,202786,204192,204267,208436,204457,204612,206787,206718,210639,206359,205582,206759,207593,210708,206860,189272,199659,199605,200784,200110,359135,359444,359458,359321,359935,222064,218268,218303,226431,218743,204501,203295,203331,208271,203750,199452,198085,198075,203293,198552,190287,189340,189339,193490,189799,198034,197224,197207,204149,197686,204236,202885,202824,211998,203332,206745,204650,204659,213927,205173,206848,205572,205733,214432,206092,199452,189340,189339,204149,189799,118240,ERROR: decompressed file differs from original,130280,8586,310451,206767,51823,17333,24233
canterbury/canterbury/lcet10.txt,426754,249196,249335,157385,157396,157399,157396,157403,157545,157634,249156,249167,249177,249167,427056,1122683,104121,104131,104135,104132,104280,102848,102858,102862,102859,102866,103007,104212,188195,187996,187992,187966,188138,146337,145888,145889,145799,146021,115483,115045,115055,114853,115202,104338,103977,103991,103758,104132,103004,102687,102684,102472,102828,104240,103980,103975,103751,104111,106075,105772,105777,105562,105935,107692,107370,107385,107188,107557,109040,108733,108723,108539,108894,103004,103977,103991,103751,104132,187974,188206,188211,187948,188356,145852,146351,146352,145741,146499,115027,115494,115495,114794,115651,103992,104349,104358,103743,104502,102686,103015,103020,102522,103168,103945,104253,104256,103782,104405,105760,106077,106093,105655,106229,107359,107704,107703,107275,107844,108711,109053,109057,108623,109204,103992,103015,103020,103782,103168,101168,426754,107706,81263,163147,144874,119433,76919,87218
canterbury/canterbury/plrabn12.txt,481861,273053,273187,191760,191770,191773,191771,191776,191913,191894,273017,273028,273041,273028,482201,1267655,138091,138101,138104,138102,138244,139223,139233,139237,139234,139240,139376,142723,203918,203754,203752,203729,203892,169125,168694,168695,168593,168817,145248,144801,144812,144553,144953,138268,137936,137947,137659,138083,139383,139205,139185,139019,139328,142852,142880,142868,142831,143007,146239,146278,146265,146489,146440,148761,148813,148805,149301,149036,150299,150531,150430,151034,150727,139383,137936,137947,142831,138083,203735,203928,203933,203716,204072,168654,169138,169139,168503,169280,144779,145260,145259,144386,145411,137960,138277,138287,137374,138426,139198,139387,139395,138683,139539,142840,142862,142870,142412,143009,146253,146244,146254,146050,146391,148802,148772,148778,148798,148914,150525,150316,150300,150535,150453,137960,139387,139395,142412,139539,134795,481863,145577,118920,196963,195195,165392,115974,123995
canterbury/canterbury/ptt5,513216,77820,78003,60356,60365,60412,60408,60045,60739,60115,77535,77546,77587,77561,513578,1348563,52890,52898,52924,52920,53252,52438,52447,52473,52469,52267,52800,52371,54592,54540,54569,54402,54895,52825,52952,52984,52878,53297,52512,52872,52888,52934,53215,52690,53057,53066,53244,53402,52351,52664,52682,52847,53015,52545,52797,52825,52957,53164,52861,53077,53098,53262,53426,52839,53029,53046,53207,53373,53041,53218,53240,53348,53575,52351,53057,53066,52957,53402,54533,54600,54626,54421,54953,52941,52832,52855,52857,53185,52860,52521,52544,52858,52872,53030,52696,52719,53087,53049,52642,52356,52382,52642,52710,52802,52552,52580,52845,52905,53067,52873,52894,53132,53226,53021,52847,52876,53097,53205,53217,53050,53075,53288,53403,53030,52356,52382,52845,52710,50092,ERROR: decompressed file differs from original,49759,21958,62215,56438,39812,41408,43739
canterbury/canterbury/sum,38240,25767,26229,19442,19460,19477,19474,19365,19937,19286,25611,25619,25622,25624,38268,100253,13191,13210,13228,13225,13688,13081,13100,13120,13117,12995,13580,12999,18089,18071,18088,18033,18546,14739,14683,14700,14622,15164,13525,13500,13519,13450,13978,13220,13212,13231,13157,13691,13084,13072,13095,13005,13554,13063,13040,13062,12959,13521,13034,13025,13049,12944,13504,13036,13045,13067,12954,13513,13037,13029,13067,12940,13504,13084,13212,13231,12959,13691,18058,18108,18122,18075,18581,14671,14760,14776,14678,15234,13485,13543,13562,13538,14022,13190,13239,13258,13276,13717,13054,13105,13124,13111,13583,13024,13082,13102,13068,13562,13009,13052,13074,13036,13533,13026,13054,13075,13039,13535,13011,13055,13080,13028,13537,13190,13105,13124,13068,13583,11801,ERROR: decompressed file differs from original,12909,7339,20102,12920,9455,8430,10227
canterbury/canterbury/xargs.1,4227,2672,2794,2191,2200,2204,2201,2204,2329,2239,2637,2645,2649,2645,4232,11123,1547,1556,1560,1557,1685,1553,1563,1566,1564,1567,1691,1576,2068,2054,2057,2057,2182,1685,1677,1680,1683,1805,1561,1566,1569,1574,1694,1550,1556,1560,1565,1685,1554,1562,1565,1570,1690,1562,1571,1574,1578,1699,1569,1577,1580,1585,1706,1573,1581,1584,1588,1709,1574,1583,1586,1589,1711,1554,1556,1560,1578,1685,2044,2077,2081,2058,2206,1668,1694,1698,1685,1823,1556,1570,1573,1577,1698,1547,1559,1562,1570,1687,1552,1564,1567,1573,1692,1561,1572,1575,1581,1700,1568,1578,1581,1587,1707,1572,1582,1585,1590,1710,1573,1584,1587,1591,1712,1547,1564,1567,1581,1692,1516,4227,1762,1376,2339,1748,1767,1238,1902
mixed_language/cedict_small.txt,763082,557498,490812,370404,370409,370428,370417,386672,375363,386773,479356,479361,479441,479368,763620,1699859,264662,264668,264687,264675,269621,265184,265189,265208,265197,268977,270143,272305,351378,352004,352124,380171,357043,298989,299537,299574,308588,304520,274571,274981,274983,280979,279918,264465,264903,264894,269777,269842,265053,265544,265556,270071,270500,268410,268883,268913,273984,273878,271329,271905,271914,277482,276825,273350,274011,273992,279830,278847,274796,275397,275480,281315,280326,265053,264903,264894,273984,269842,352163,351382,351404,380156,356339,299600,298997,299016,308361,303948,274970,274577,274594,280532,279533,264867,264469,264486,269054,269422,265511,265058,265076,269135,270009,268926,268413,268431,273204,273364,271901,271345,271348,276586,276293,274007,273354,273377,278938,278317,275432,274795,274824,280583,279749,264867,265058,265076,273204,270009,261866,738568,278186,194567,405241,388312,300864,197051,233480
mixed_language/creativecommonsukranian.html,37319,22423,16475,10734,10739,10742,10739,12960,10966,12944,16192,16195,16205,16196,37347,60458,6480,6485,6488,6485,6712,6513,6518,6521,6518,7274,6745,6962,10497,10426,10428,12593,10653,7644,7560,7563,9531,7788,6681,6638,6642,8699,6866,6502,6478,6482,7436,6705,6521,6500,6504,7188,6728,6548,6527,6530,6841,6753,6571,6553,6557,6793,6780,6582,6568,6572,6757,6793,6592,6574,6581,6791,6799,6521,6478,6482,6841,6705,10420,10502,10506,12609,10729,7556,7650,7653,9551,7876,6634,6685,6689,8718,6913,6473,6508,6511,7465,6735,6496,6527,6530,7227,6753,6522,6553,6555,6882,6780,6549,6575,6579,6843,6803,6563,6587,6590,6808,6814,6568,6597,6601,6838,6825,6473,6527,6530,6882,6753,7274,23046,7006,5445,13478,8858,7966,5881,6491
single_language/beowulf.txt,160140,92538,81664,59532,59537,59539,59537,61664,59677,61671,81507,81513,81538,81514,160254,386727,44666,44671,44673,44671,44811,44253,44258,44261,44259,44620,44399,43908,60869,60718,60715,61767,60853,50281,50000,50002,51543,50126,45993,45834,45838,46931,45977,44693,44650,44650,45140,44789,44289,44273,44268,44540,44408,43657,43649,43647,43799,43785,44058,44013,44013,44187,44158,44658,44597,44601,44771,44757,45189,45168,45153,45380,45318,44289,44650,44650,43799,44789,60704,60875,60878,61755,61016,49973,50289,50289,51491,50428,45823,45999,45999,46865,46143,44651,44698,44702,45047,44840,44266,44293,44296,44469,44436,43636,43663,43666,43746,43804,44005,44061,44066,44168,44202,44592,44664,44665,44756,44802,45161,45196,45196,45354,45336,44651,44293,44296,43746,44436,44088,151069,44465,34435,63861,59530,51857,37600,38708
single_language/crime_and_punishment.txt,1934112,971026,640690,432593,432599,432602,432598,502403,432808,502783,640443,640450,640465,640448,1935473,2879158,311273,311279,311282,311278,311488,307394,307401,307404,307399,384203,307610,346811,504695,504445,504439,594825,504646,407026,406271,406271,493327,406445,339389,338571,338588,458175,338797,311553,310991,311005,405414,311207,307656,307487,307437,383055,307653,312052,312344,312318,345076,312532,317198,317422,317388,336320,317668,321448,321545,321525,326009,321925,324358,324725,324515,328192,325044,307656,310991,311005,345076,311207,504424,504701,504706,594845,504911,406211,407037,407036,493335,407245,338540,339398,339393,458146,339624,311050,311555,311572,405323,311777,307478,307645,307659,382930,307875,312285,312057,312072,344684,312274,317384,317198,317210,336008,317415,321538,321457,321465,325848,321664,324723,324378,324343,327769,324576,311050,307645,307659,344684,307875,405413,1094448,339688,269147,551655,529905,386953,324447,285918
single_language/genji/all.txt,1454767,777728,418563,317884,317888,317895,317892,408363,319304,408303,415883,415888,416234,415895,1455791,1294357,249395,249399,249406,249403,250815,253512,253517,253524,253521,291791,254932,265298,295497,295405,295471,490227,296879,249484,250091,250115,385143,251574,243776,245118,245083,323674,246489,248694,250180,250114,298418,251558,252969,254434,254452,290734,255879,255641,256868,256910,264032,258388,257045,258382,258372,264314,259725,257763,259204,259137,266531,260386,258191,259463,259589,265129,260826,252969,250180,250114,264032,251558,295500,295500,295513,490198,296921,250209,249493,249499,385214,250906,245137,243778,243790,323689,245181,250047,248699,248690,298637,250103,254363,252975,252974,291128,254376,256991,255640,255645,264124,257045,258385,257079,257043,264778,258482,259203,257763,257781,267079,259206,259535,258185,258205,265493,259598,250047,252975,252974,264124,254376,301148,717546,280961,233417,454877,441904,325705,260663,243115
single_language/genji/chapter2.txt,67586,35780,20746,18904,18907,18908,18909,24316,19529,24422,19603,19607,19663,19608,67635,59910,15621,15624,15625,15626,16245,15667,15671,15671,15672,17333,16292,16932,15956,16052,16067,23091,16686,15190,15397,15402,19318,16024,15359,15559,15554,17521,16174,15544,15697,15690,17144,16314,15624,15747,15748,17243,16370,15665,15757,15760,16865,16385,15682,15774,15773,17101,16391,15691,15786,15782,17203,16393,15702,15785,15792,17289,16403,15624,15697,15690,16865,16314,16073,15959,15960,23093,16581,15408,15193,15193,19346,15814,15556,15362,15363,17534,15982,15683,15547,15546,17196,16168,15738,15628,15628,17294,16248,15762,15668,15668,16889,16288,15771,15687,15685,17131,16308,15782,15694,15696,17233,16317,15786,15705,15706,17307,16326,15683,15628,15628,16889,16248,16749,32915,16894,14954,25313,22213,20151,15590,16006
single_language/kokoro.txt,484562,277787,151887,119576,119580,119587,119585,157410,121289,157530,148433,148438,148689,148441,484904,427678,94440,94444,94451,94449,96152,95419,95423,95430,95428,106442,97132,100783,104601,104885,104958,176538,106655,92647,93354,93374,137292,95113,92720,93470,93455,116639,95155,94152,94779,94756,107069,96472,95202,95739,95756,106041,97463,95911,96311,96334,100323,98060,96310,96763,96768,100621,98440,96520,97032,97014,101771,98634,96665,97088,97164,101994,98766,95202,94779,94756,100323,96472,104988,104604,104614,176519,106316,93442,92652,92661,137360,94359,93481,92723,92734,116692,94423,94717,94156,94156,107200,95859,95710,95209,95213,106242,96910,96359,95913,95918,100428,97617,96765,96325,96317,100793,98028,97030,96522,96533,101975,98240,97112,96663,96680,102150,98372,94717,95209,95213,100428,96910,105844,263452,103095,87596,162249,152325,121165,94440,93032
single_language/ziemia_obiecana.txt,1230426,752181,683036,455885,455890,455893,455890,466614,456048,466900,682858,682865,682890,682864,1231293,3015633,329925,329930,329933,329930,330088,324151,324156,324159,324156,325990,324314,328495,510609,510360,510353,515344,510510,425969,425211,425211,435086,425333,360750,359907,359924,370782,360083,330240,329603,329620,334581,329770,324471,324177,324122,325184,324287,327921,328064,328032,328194,328189,332501,332508,332476,332985,332714,336318,336161,336152,337458,336521,339040,339152,338937,340921,339424,324471,329603,329620,328194,329770,510340,510614,510618,515322,510773,425150,425978,425976,434937,426135,359876,360759,360753,370447,360935,329672,330241,330258,333994,330413,324173,324458,324472,324562,324639,327991,327926,327940,327367,328093,332469,332494,332514,332276,332663,336155,336326,336331,336792,336477,339140,339059,339025,340306,339208,329672,324458,324472,327367,324639,330033,1192089,350010,273935,504187,484551,375551,282823,288879
text_binary/genji.tar,1484800,807325,442439,320339,320347,320358,320351,410821,321799,410637,439707,439713,440063,439721,1485845,1373366,250163,250171,250182,250175,251623,254269,254277,254288,254281,292502,255729,266006,296989,296882,296954,491651,298394,250390,250988,251016,385979,252508,244581,245917,245887,324422,247325,249468,250949,250887,299135,252363,253727,255189,255211,291437,256670,256394,257616,257662,264727,259172,257806,259138,259133,265015,260518,258531,259969,259907,267240,261187,258969,260236,260367,265842,261635,253727,250949,250887,264727,252363,296975,296996,297013,491628,298453,251103,250402,250413,386057,251851,245933,244586,244603,324443,246026,250813,249475,249471,299362,250916,255114,253737,253741,291841,255174,257735,256395,256405,264828,257837,259138,257842,257811,265488,259281,259965,258534,258557,267795,260013,260304,258965,258991,266215,260415,250813,253737,253741,264828,255174,301838,747579,282065,233695,451897,446200,326659,260943,243577
text_binary/kokorokennedy.tar,1525760,891816,700183,454924,454929,454950,454941,496632,456908,496561,696118,696129,696372,696136,1526834,3166621,295282,295287,295305,295296,297263,287121,287126,287143,287134,297123,289102,299793,469520,469544,469632,559651,471597,318056,322087,322124,366793,324475,298384,300307,300271,324092,302218,294264,296477,296397,309859,298401,286365,287969,288045,299239,290014,294948,295978,296100,301973,298149,300960,302774,302852,309924,304496,302997,305639,305550,313278,306592,304113,305668,306576,313570,307226,286365,296477,296397,301973,298401,469660,469521,469543,559706,471503,322701,318064,318105,370034,320025,300400,298377,298422,326394,300312,296257,294274,294262,311592,296224,287894,286392,286392,300636,288331,296259,294950,294936,305450,296896,302869,301026,300954,313664,302956,305643,302988,303005,316774,305009,305830,304052,304228,317455,306062,296257,286392,286392,305450,288331,224503,ERROR: decompressed file differs from original,237443,96257,488827,362602,175670,111903,117145
text_binary/kokoroziemia.tar,1720320,1205089,928838,603403,603407,603418,603412,657080,605213,657324,925203,925208,925475,925210,1721531,3457334,425821,425825,425835,425830,427630,421024,421028,421038,421033,433228,422833,430077,617435,617468,617534,707888,619327,520232,520180,520200,573370,521999,454924,454827,454830,488232,456626,425847,425834,425828,442456,427632,421126,421364,421328,432028,423138,425287,425826,425818,429321,427639,430268,430723,430697,434412,432547,434296,434647,434621,440035,436548,437164,437695,437557,443722,439583,421126,425834,425828,429321,427632,617556,617439,617454,707851,619249,520211,520242,520250,573296,522045,454810,454930,454936,487954,456745,425845,425848,425865,442005,427661,421337,421116,421134,431609,422937,425805,425289,425309,428602,427099,430692,430272,430284,433877,432082,434643,434301,434318,439576,436110,437712,437177,437160,443265,438974,425845,421116,421134,428602,422937,436209,1460899,455694,361421,686142,638742,496815,377249,381547
training/aristotle.txt,437499,225438,148670,107385,107391,107396,107392,126772,107628,126716,148384,148391,148406,148392,437808,642367,75621,75628,75633,75629,75864,75996,76003,76008,76004,89328,76239,82038,112213,112029,112027,134969,112258,91746,91386,91391,109608,91601,78941,78745,78752,104005,78984,75654,75600,75602,91992,75835,76044,76072,76062,88876,76298,77086,77194,77192,81431,77427,77990,78064,78059,80860,78309,78703,78738,78737,79788,79019,79104,79203,79152,80621,79468,76044,75600,75602,81431,75835,112012,112220,112226,134986,112457,91349,91755,91758,109594,91991,78729,78949,78950,104000,79191,75604,75660,75667,91893,75899,76061,76046,76053,88810,76287,77176,77093,77100,81295,77331,78049,77996,78002,80811,78234,78732,78711,78717,79826,78947,79198,79115,79109,80595,79348,75604,76046,76053,81295,76287,90719,245657,80345,62866,130663,119099,94063,74221,70016
training/austen.txt,697801,393686,393806,249026,249034,249036,249034,249043,249166,249357,393649,393659,393673,393659,698293,1835732,169855,169863,169865,169863,169995,167336,167344,167346,167344,167350,167476,170401,300410,300229,300225,300200,300356,236440,235941,235940,235822,236056,188038,187448,187461,187138,187592,170163,169607,169627,169158,169748,167605,167097,167080,166589,167208,170546,170172,170154,169644,170265,174839,174369,174366,173902,174534,178698,178175,178194,177871,178424,181729,181328,181245,181031,181508,167605,169607,169627,169644,169748,300211,300418,300421,300186,300551,235905,236452,236452,235751,236582,187429,188047,188046,187018,188189,169644,170172,170183,168986,170310,167104,167610,167617,166457,167751,170108,170557,170561,169403,170694,174350,174832,174857,173777,174971,178166,178708,178705,177717,178827,181298,181744,181736,180851,181876,169644,167610,167617,169403,167751,167000,697801,176020,140653,258151,252682,205638,137034,148447
training/confucius.txt,68762,48754,27190,23404,23410,23422,23419,29685,24545,29710,24887,24893,25014,24902,68812,67166,18577,18583,18595,18592,19718,18661,18666,18678,18675,20382,19801,20517,18571,18898,18939,26693,20055,18336,18670,18688,21488,19817,18373,18581,18588,20421,19710,18518,18651,18658,20314,19784,18618,18714,18730,20458,19853,18685,18744,18760,20579,19887,18744,18815,18829,20654,19944,18788,18877,18886,20744,19987,18816,18880,18913,20815,20006,18618,18651,18658,20579,19784,18938,18577,18589,26693,19712,18690,18340,18353,21487,19476,18579,18378,18392,20425,19511,18633,18524,18535,20284,19658,18704,18624,18636,20410,19758,18749,18690,18702,20551,19825,18812,18751,18761,20614,19885,18872,18793,18805,20707,19930,18880,18820,18836,20790,19956,18633,18624,18636,20551,19758,19748,48248,20909,16823,30872,26255,23547,17548,18825
training/doyle.txt,574997,325843,325941,219329,219337,219341,219338,219209,219480,219479,325772,325781,325795,325782,575403,1512627,153951,153960,153963,153961,154102,152441,152449,152452,152450,152462,152592,154991,247473,247299,247296,247279,247436,200538,200065,200066,199963,200188,166639,166134,166146,165863,166288,154171,153761,153774,153426,153910,152643,152355,152334,152060,152476,155134,155015,155000,154772,155132,158403,158206,158198,158086,158377,161288,161036,161043,161099,161291,163453,163352,163247,163397,163553,152643,153761,153774,154772,153910,247281,247481,247485,247265,247625,200025,200550,200550,199868,200692,166113,166649,166648,165687,166802,153793,154178,154190,153137,154328,152354,152646,152654,151745,152799,154964,155143,155151,154361,155291,158184,158401,158419,157741,158550,161027,161298,161301,160714,161434,163333,163469,163455,162999,163608,153793,152646,152654,154361,152799,150921,574983,160187,127848,226505,219795,182518,122929,135256
training/forsberg.txt,217247,130365,124077,88126,88133,88136,88134,89240,88292,89434,123890,123898,123912,123898,217401,550186,62020,62027,62030,62028,62186,61889,61896,61898,61896,62136,62054,62710,96716,96541,96537,96958,96693,77286,76958,76960,78054,77099,66211,66006,66011,67185,66168,62074,61994,61996,62522,62152,61931,61911,61906,62144,62064,62646,62668,62668,62756,62826,63444,63461,63460,63599,63623,63866,63874,63874,64091,64049,64250,64287,64267,64519,64458,61931,61994,61996,62756,62152,96524,96723,96727,96942,96883,76926,77295,77295,77983,77453,65992,66219,66219,67099,66383,61996,62080,62085,62427,62241,61902,61937,61941,62058,62098,62657,62653,62656,62688,62813,63451,63449,63454,63522,63609,63867,63873,63876,63999,64031,64281,64258,64257,64436,64416,61996,61937,61941,62688,62098,60435,209139,64334,50870,92711,80344,70866,53822,55367
training/gogol.txt,703077,358101,233078,177214,177219,177222,177219,205515,177382,205482,232893,232898,232922,232897,703573,1028770,132630,132635,132638,132635,132798,133341,133345,133348,133345,153835,133508,144211,184707,184501,184497,218634,184658,157153,156615,156616,183743,156750,138539,138179,138187,173674,138349,132590,132628,132621,158291,132786,133340,133690,133657,153136,133830,135161,135699,135692,143293,135873,136556,137021,136996,142467,137196,137510,137876,137852,140423,138123,138050,138567,138436,141849,138796,133340,132628,132621,143293,132786,184485,184712,184716,218651,184876,156570,157160,157160,183749,157323,138157,138546,138543,173640,138719,132642,132590,132597,158183,132759,133666,133331,133339,152977,133505,135690,135162,135174,142936,135328,136996,136565,136562,142143,136730,137873,137515,137525,140163,137685,138577,138062,138037,141467,138216,132642,133331,133339,142936,133505,157420,395245,138102,114542,213345,207505,163438,133595,123876
training/jushi.txt,265117,191079,112812,113692,113698,113708,113701,139393,116492,139512,106679,106685,106949,106692,265305,241434,95569,95574,95584,95577,98369,95598,95604,95614,95607,102331,98398,103160,92711,94699,94871,133662,97621,93397,95535,95578,105564,98400,94634,95950,95927,101683,98710,95172,95990,95965,101698,98766,95339,95925,95951,103263,98740,95427,95797,95826,104202,98634,95442,95863,95875,104762,98621,95431,95921,95910,105173,98586,95476,95837,95946,105301,98585,95339,95990,95965,104202,98766,94952,92717,92722,133639,95507,95676,93394,93408,105501,96192,95964,94638,94653,101598,97417,95912,95178,95178,101355,97965,95894,95349,95354,102734,98134,95849,95431,95437,103797,98220,95867,95459,95453,104266,98247,95917,95434,95447,104685,98238,95859,95474,95499,104898,98271,95912,95349,95354,103797,98134,98000,183203,103347,87327,143707,132824,114615,90882,94709
training/rizal.txt,832432,483126,431141,273764,273768,273771,273769,280636,273945,280719,430938,430944,430971,430946,833019,2019957,193706,193710,193713,193711,193887,187843,187848,187850,187849,189726,188025,189632,310415,310181,310176,313694,310351,256031,255499,255500,260789,255654,215049,214572,214582,221846,214757,193933,193519,193532,198354,193702,188092,187671,187650,188934,187825,189097,188793,188773,188714,188931,192437,192008,192000,191287,192228,196164,195610,195629,194958,195956,199289,198900,198757,198423,199155,188092,193519,193532,188714,193702,310164,310419,310424,313683,310597,255461,256039,256039,260718,256215,214554,215055,215054,221697,215242,193553,193937,193948,198116,194121,187678,188092,188100,188750,188280,188728,189104,189111,188383,189288,191987,192426,192451,191093,192611,195604,196172,196171,194761,196335,198869,199304,199286,198164,199479,193553,188092,188100,188383,188280,196384,785400,199645,156356,300545,285642,228282,166381,166695
training/russel.html,645570,396318,395533,211840,211848,211852,211848,212362,212058,212204,395286,395292,395308,395293,646025,1696794,133038,133046,133049,133046,133256,130016,130024,130028,130024,130073,130235,131452,286836,286587,286582,286655,286790,207179,206605,206605,206557,206799,152326,151718,151732,151516,151939,133385,132806,132829,132480,133026,130261,129687,129686,129279,129888,131439,130899,130891,130421,131076,133641,133013,133026,132460,133244,135929,135256,135289,134661,135519,137647,136934,136946,136312,137148,130261,132806,132829,130421,133026,286566,286844,286850,286639,287056,206569,207192,207193,206505,207400,151703,152334,152336,151505,152553,132833,133395,133407,132575,133610,129697,130273,130278,129486,130486,130851,131452,131453,130615,131665,133006,133633,133660,132789,133848,135247,135940,135934,134992,136133,136898,137657,137669,136642,137873,132833,130273,130278,130615,130486,128334,645072,134194,96112,231441,192320,150257,93284,106802
training/shimazaki.txt,723482,435598,241527,184484,184489,184491,184485,247251,186559,247266,237317,237322,237651,237316,723992,642756,139115,139120,139122,139116,141190,140296,140300,140302,140296,163307,142370,154450,163096,163299,163385,280974,165450,141581,142372,142388,214007,144523,137897,138729,138704,182716,140769,138829,139541,139508,165236,141592,140022,140612,140638,162613,142711,140793,141179,141205,153603,143302,141217,141702,141707,152840,143726,141452,142051,142025,153328,143953,141639,142083,142212,151459,144095,140022,139541,139508,153603,141592,163433,163100,163106,280946,165175,142505,141590,141594,214064,143655,138751,137899,137908,182753,139958,139454,138838,138830,165405,140898,140580,140037,140032,162884,142093,141247,140796,140792,153779,142860,141711,141234,141217,153168,143296,142048,141455,141459,153695,143535,142114,141634,141657,151838,143708,139454,140037,140032,153779,142093,164623,409908,152098,128547,257929,243744,177049,141684,137447
